responseID,fed_vote
R_12MsyTISuqnGqyL,1
R_12o4JBeI2c2rdQ6,1
R_07HQjnVRHiyNNh7,1
R_10NV7i9nPunqoqB,1
R_11imO5Hh4AkOhgK,1
R_116dAcclOpOCMq5,1
R_0CfwNRRjktyLhQt,1
R_122Ll9rW4bFHAuR,1
R_06uCk1aoshCrZBL,1
R_110aMoPYBQZXDBP,1
R_03tcAmt683t42lj,1
R_0UskmFPLCxZhuAF,1
R_0pGyvlvaXBtfByV,1
R_10pmdl2mRw7JDvU,1
R_0DqwijjgDPOFMHv,1
R_0PV1eeE7PrjZnZT,1
R_1Cs8qm9bPMNz3qD,1
R_117WlNiZBbcAroo,1
R_1C1KNaPp3yzr9vR,2
R_10GkDWMvmHF3Wu0,1
R_11ZQLWl03v1yogI,1
R_10r6PopXcy8Dqdt,1
R_0BOcWEU0fR2T9At,1
R_0krZCk8BdVcavsJ,1
R_12ikWAlJn58VFSQ,1
R_1C4rXY6XzogCMV9,1
R_1BRYTFsRAv4IBpW,1
R_0xfr1CtxmMSNge5,1
R_1CEMUa1f70F87YE,1
R_10TubQyEJVVLXV7,1
R_0AmaHjPUJLwNe1P,1
R_1C3iu6BWcNjrCko,1
R_12t0PgBRZ66mwNt,1
R_1AXXSmJkg9xPEPL,1
R_0OGQyxswxdCTbRT,1
R_11WNfnW7BZfghgc,1
R_1CI0a0zyoCnZ0jA,1
R_12eQq0okFR5zEf9,1
R_0W0EOWeZSyW0OT7,1
R_10ZaZ52tZ7d6Gar,1
R_1DIq1PbqjLSOON6,1
R_0CCG2hmjEdgValH,1
R_12sxXqJHh5EkhdA,1
R_0CwU38AaUnMSYFP,1
R_1DGaVbEbck9dIJi,1
R_11c3YwObLHUmMuZ,1
R_124rrNETNuB34kb,1
R_1C2ABRDm5ACJ1E1,1
R_12xyjrsKG5W0Ea2,1
R_12EH8cxSq7g3ZWD,1
R_11dMK5r3UzIxalB,1
R_1CBYsEkYwpMZI2f,1
R_10YFcAJXWQovP7N,1
R_0SrU48eJnQgsdqx,1
R_1DCpTimeMXEnUDu,1
R_1FFCCIvfUTbZ9Vz,1
R_1Flln1lfLBXW9LR,1
R_1C8EEmDhj8Xzine,1
R_12G911wM64RrvzE,1
R_1Cjad5BraiZ3Hku,1
R_1DqzrY5pjk9Ex1M,1
R_1EiZrzSl6tjNHuP,1
R_1DvwveixIbZbbs2,1
R_10GXrmBtnUgPiPa,1
R_1FG0cACVcifKaID,1
R_1GEq5S003KbcOE8,1
R_02OjAuvgbL6W2VX,1
R_1C7P0JA3IhWHdho,1
R_0AOCTg0R5HNe2yZ,1
R_1CJRiDY2ZZYMYx2,1
R_1H7Yh4Rgg6txCEB,1
R_1FS9vqZSbKFLMco,1
R_1DNcV1fmQQdBYVs,1
R_1GCzavmZ42V1W5Q,1
R_1DJcgRQfatlWetl,2
R_007XyDh4uUC5ZV7,1
R_1FlUzJEjgpx58EY,1
R_1GBP9HhqfM5AiCX,1
R_1DvshCLwKeJbLyk,1
R_1FSdXENPUMYiQW2,1
R_10w1sSR3qJ3Hi99,1
R_12PVWfIsicbIv8B,1
R_1DPbzb4fL94ZI6r,1
R_1GP0OngB0A3tA4W,1
R_1DAKaIn3jJMmBs0,1
R_1CDPYzGUYEtnBzd,1
R_1FbP9ID6nYDDnpf,1
R_1H29RLeYdltUuiq,1
R_1GwX45R3ll9WeB4,1
R_1FfGhcHHe1sivK7,1
R_1HcMZR9AkOP9tsK,1
R_1DupXyMSdUZXTXn,1
R_1EcelaH9ZOTrU0X,1
R_1I4NH5e6Dp4RYuO,1
R_1F4n2m8n7q0nnAx,1
R_1FamDpvvmlUc7wW,2
R_1HdzoyFImFULfkq,1
R_1FlHIJcLlMm5rPP,1
R_1DD7VomMXYhOOby,1
R_1C6XiROQkZZIOJg,1
R_1GQc8yMe00pvXoO,1
R_1CIW7kxsp8mnwj8,1
R_1Hnr2m8yWPK23kd,1
R_1GUZkeBwjvrSriV,2
R_1Gw7Aw4Q1Vz11RO,1
R_1H81ifDRUhbbD08,1
R_1I5emWdpwJ4mr3h,1
R_1HbiwvJgz5LtOfS,1
R_1HdGvZChLkhkEm7,1
R_1I78VgEqyC9t0Ej,1
R_1IDW8kyW7HOTTSN,1
R_1FqUDWq2BoBfDmP,1
R_1CxVcWJcShauxa2,2
R_1FFdKNflg6yPWwi,1
R_1IEm09s0iNa331X,1
R_1Hq5k6RNQQjqI4z,1
R_1GZY4YA2jbqUAaw,1
R_1F9q1oirm2RPdAt,1
R_1DtJUulLHt98kui,1
R_1FJTKHBBKaDmkqv,1
R_1EZjC3QPevadqlj,1
R_1JWr9kDIeMb72Ew,1
R_1IH2SNgX3xes77A,1
R_1K45JDdCCCPOgmL,1
R_1CvcUHnSCjGv2hR,1
R_1IQTuNVFxfwIdXJ,1
R_1E0TG4k7WYkpjK5,1
R_1KegryyXs4kFbzh,1
R_1ItMRDzK8bvP2kh,1
R_1GVy0SJ7hNdwalX,1
R_1GKCz3ml1SCxfVA,1
R_1LhXN1vYn9aXq6F,1
R_1K2cumVGBzVmPyF,1
R_1HbYK9MHmvbyUmL,1
R_1F3TcBKe8Nr4dNs,1
R_1K0FcSgI4kLhXFv,2
R_1H5DLyF9nsCNMBP,1
R_1IWOONlXavaHQ4k,1
R_1ISE7CLAQGrKrf4,1
R_1IpfQyhSI0aOvzJ,1
R_1LTJKcQa2S0VFGF,1
R_1K6JoeVGfqqrKqx,1
R_1Ky7e35vfcfxWul,1
R_1K2vRMdF4cjAXkl,1
R_1FxIzfSG3nobwYj,1
R_1KkbFdryYLSJNRm,1
R_1FrzDDh5NzVRf0z,1
R_1K9h6saDJrnz6Vh,1
R_1LYaQJu6qqJ3g7V,1
R_1Hqs0rY9dbe9ynW,1
R_1LxTUaGHtiGXqs9,1
R_1LnxAjC8kZd3CNO,1
R_1FbSG7wc9q1JlLM,1
R_1M6x0ER8GL2J4zf,1
R_1JOYFeg926laSAO,1
R_1FrkSIUsx5Uff0C,1
R_1JEndcRCP9y2Y7z,1
R_1LnWh4yM9WmWSVm,1
R_1LikUCJ2nLekW2a,1
R_1NDh5YRN0z0Klam,1
R_1NhjOfLyFldHlkZ,1
R_1IMLgqzhWruRbX6,1
R_1LIpEi2vlz7BIC2,1
R_1M4aseM0zpigLKb,1
R_1IK5WbFQLnAiH67,1
R_1MX5gTbWMAO2MFL,1
R_1INrP3yqKSlD9Ui,1
R_1Kp90qMpbNnZR61,1
R_1ITt4xfp7Tomhn4,1
R_1LNYI8JybWweBG8,2
R_1OGOvMKbasgohp8,1
R_1OHplsVhCHMYZaQ,1
R_1KyeWHwzq24G4Nh,1
R_1N9umMlcpwbRsHy,1
R_1MJTAqhL0YEmK52,1
R_1OIRKoTaOQ5FX5O,1
R_1MpcP0dEoPadYvT,1
R_1IiNXU3z7SYA1nX,1
R_1MS89aNFopVsW4P,1
R_1OGIVGvIEhYBLX8,1
R_1IvkWHbIRoYmHB7,1
R_1NCdm6KFOf921fT,1
R_1K6E1tfU4XJsLET,1
R_1Ii2R0VEJ5nYrCh,1
R_1ImchvFFGUxMZXa,1
R_1M92ISdLaoyDwl3,1
R_1OVuV72xFSQlOpM,1
R_1OTvw3pgFqXo9Nw,1
R_1Pc1VYLtq4ExMZ8,1
R_1KeaLJlanqBke2l,1
R_1CKrZnF87aaMw9L,1
R_1ONRYDhnuLp5bQ0,1
R_1LGRWJS0OdzfXu0,1
R_1IK68EZH8dm5QPX,1
R_1QAsfJnytDvvw6W,1
R_1PZBE68ZpRdvGoT,1
R_1P6FbyPcsxVMnGC,1
R_1OV5HGbZJxAjBrf,1
R_1NtBg0xX58C5CFw,1
R_1QuYJ0Dw7WAPO4y,1
R_1KqDLfAYHCtwAPT,1
R_1OjBwDteEJJDHwt,1
R_1NbuFHNnm9jkK2b,1
R_1Lul53vkJ1SxBul,1
R_1Lpt5BFvhRk0jSo,1
R_1MNeO57jL63IOSf,1
R_1Lu3FuvCMjIzi9X,1
R_1IuFaf2pJdKK3be,1
R_1MKVgzrIEIw6Up6,1
R_1NkSYBu01xfIAB5,1
R_1Q0lPFpVEkPhTNY,1
R_1IxXMdgLfokwKgI,1
R_1IMkKZC55Su4aah,1
R_1NFDv0LG8YS2tlb,1
R_1QEG9pOawFuSkJ6,1
R_1PZgL4Tt5KPOTzJ,1
R_1Ui8yyj2ObKPVlv,1
R_1NyUA6g8jpBTRvW,1
R_1dHt0gQtpgQat7Y,1
R_1Nhsh0z4sD75nNK,1
R_1d7faTB09pYbzhy,1
R_1cXJuDltTdRO6OQ,1
R_1Ow7sBzUesXjSAf,1
R_1QuRfHKW16VPN4N,1
R_1OIS7pT0KHzee3f,1
R_1eQYf9YGO57K0Ri,1
R_1RGUn1bRMlWJPnb,1
R_1QybsSLAu69PfjO,2
R_1YPOk4EuvH4mEJb,1
R_1QxtytqCnfsOn3l,1
R_1dsOdDiqWSuaaRL,1
R_1N5kHNrjvtdxM2I,1
R_1dfRP4BaMk3yk0q,1
R_1dgVCfhP5qwDw9s,1
R_1eQ03Bt809qmZTd,1
R_1dNedum1ZeXTS2N,1
R_1OlBDlPy2VyDNQb,1
R_1dgo09q6Yi3tDqy,1
R_1cYPgwYXKp5FEVn,1
R_1P6mwcf84vF2If7,1
R_1Qfu4DLkKPmBkPg,1
R_1LMVUEIDRFpch7z,1
R_1d5DK9ZKEF9zpcI,1
R_1dLTI0kY5z1bwFt,1
R_1QKihfnXJqssSNl,1
R_1QGY1xa4nnuaGEg,1
R_1PbCFlQD69fub8m,1
R_1dp2PJRlZjbWHYi,1
R_1duE6PTZiRdxWtB,1
R_1d4ctNh5oqBiOxr,1
R_1dixuFI7O1eTGrq,1
R_1PTOV34fwzt3jtO,1
R_1fjjcgtwC2y0NZw,1
R_1dz8hRAQ6I1VXMl,1
R_1dmE9BqLi8Bt0Ir,1
R_1gNrECX1DoHgSTS,1
R_1eOxS5XFUmN4yoz,1
R_1QGi9OsPML1GZiN,1
R_1dv70vT8DG7f4TU,1
R_1gUT3ZV96pdiMR1,1
R_1QMAYnu9XAv7yey,1
R_1eXHBCbcJ7UmSOE,1
R_1cRC7hA9wdlZqn2,1
R_1eJcwcsPGW609KK,1
R_1gH2SIF2JH8e4BA,1
R_1flOeLLT8hVv8bL,1
R_1gkGCM6uzYTNyy5,2
R_1g6WQ3kyySjjsyT,1
R_1ghzJrviOn9iLh3,1
R_1cV6Wmoh2gMOlR4,1
R_1d0QTfQqU0tZdgu,1
R_1cZym47tOFlakDS,1
R_1hZq4olCH9kNYtU,1
R_1gFpXHExZErbsx0,1
R_1i2MB0PHMQ1KfBf,1
R_1ZwXoZP3S9FiOo9,1
R_1KgcbVzJPBm3b6D,1
R_1dax257nu9vo8Sx,1
R_1eP5lo3HsDQm0N4,1
R_1eLdaU8NIwu9rBA,1
R_1dcM30RaULvRRR0,1
R_1gzNZcYwFMt9UYA,1
R_1dyTe0bvReBe3ad,1
R_1hFqSI28KKhPvGO,1
R_1jQh5wWxioBDhPy,1
R_1K1KL5gIUSwjDtY,2
R_1hJZBysrAv6TwOK,1
R_1hXdTy1Em564nbu,1
R_1hTlSl6aLTWLNor,1
R_1f2sOWmnnKxiEV7,1
R_1f6Nr7OE1V2rXpr,1
R_1IFrrojyDflS6F8,1
R_1gzq7O7wxtFWmSS,1
R_1dskAkscfX6vQIB,1
R_1OwrJCZJC21R9yL,1
R_1hQjRjOTUQf1MWk,1
R_1g0zV3K8daLP03F,1
R_1eESA8dyhbnTjis,1
R_1jD4PIyRCh5AFuy,1
R_1hRJvLdn5llVVME,1
R_1is5Qbg1W3vPT7g,1
R_1i4EZYj5pbFq60k,1
R_1eyjE9qxR6ZIJp1,1
R_1jZCIdxi6ezADoF,1
R_1kGP22b1g7s9Byq,1
R_1ikd14VfwRVQ8In,1
R_1gT2xI7NQj5Ne0r,1
R_1hRU80YowBIQiF1,1
R_1irph0hMA8NEqWF,1
R_1gefG4tHfHhNR8V,1
R_1hWHxcHHVkr4U13,1
R_1kM289KF9oym5mf,1
R_1k0T022NU7lWW3L,1
R_1lipbx14GRjNdzm,1
R_1jTBsHwu9sPLPSl,1
R_1kHR4tdTQwAHym0,1
R_1l5esRPJYCzQ9mW,1
R_1lyKmsQAmkCwq8g,1
R_1ghATOQlbDrTX6o,1
R_1gbi4DZ0sW15r4D,1
R_1ieTMFLDQ7TAudO,1
R_1gwJfUd7tMgFAcG,1
R_1gCSeBSUrywKFHK,1
R_1lgdq5fzhEsLgM9,1
R_1loDCmhGkMZahzm,1
R_1hJRg2bOgdwHRx7,1
R_1mXkRxaw0Iy90ub,1
R_1lbLSbG8LKhpyRh,1
R_1flVjNogT4CMXUj,1
R_1ltnzOpc5xeuTRT,1
R_1kSMTbrRTZWPz87,1
R_1fiVyVrPh4GXLze,1
R_1mC8NbDesMbQrAw,1
R_1luwtgXBySuCQh3,1
R_1kYNbqtBXomGB3W,1
R_1i4kopFZIEX0lGw,1
R_1jlCBkAw5WP2KT1,1
R_1la63O7us8gXH5N,1
R_1l3Rw7NbEdAWt9g,1
R_1lc3zFJb6pDN4CL,1
R_1nNKtToKyd8hHF3,1
R_1k230gYRUHl77Hi,1
R_1mDwMMyJDMytnh7,1
R_1kRXFzfYWbaw3QW,1
R_1my35TMMCfpIIfy,1
R_1QgRwIegAWjTqQk,1
R_1P6kZFeJVc684Vm,2
R_1i9AKeMO9xTx54Q,1
R_1jIKXLWoru5q0md,1
R_1ieVJcLggOYQlZw,1
R_1mzru4248w29sA2,1
R_1n2Cro56XlXSkRD,1
R_1jlWNeuzVPs2Rks,1
R_1mUTQgOpS0JRAc7,1
R_1QKKH4l1PWQygKa,1
R_1meIGHjP2GF7CMB,1
R_1k2kcMNOkuftdaq,1
R_1mz1uQkEF6EDge1,1
R_1mCNwY4ubgyzN5m,1
R_1iaQpNgOSAhR9y8,1
R_1jCEqg1LVupp5L6,1
R_1mrfXcb8VURK6BK,1
R_1otdYoDYd4eGqb3,1
R_1nUFoNmQj0S7hda,1
R_1pMewfz0ADnmMni,1
R_1nPL63GPekzgRVU,1
R_1pGOEp1libCZPMP,2
R_1oFkYIjKfNOQrZY,1
R_1mEKTSUAg2QCyOy,1
R_1lbg1VVdil1eiZc,1
R_1o1IFV3vWeD8IcH,1
R_1l3nSVszd5TkrBz,1
R_1plMVapF0Z8tWkR,1
R_1prIs8ILl72tGSS,1
R_1nPg1rmIBHwVCXF,1
R_1o4EhtWSUDD0H9I,1
R_1o5Ub3lLdzMEyiD,1
R_1o87sfFMgt2tAi2,1
R_1ojygiF7WDfmbUn,1
R_1nW3Zbel4KxhRF0,1
R_1qahXQqyoF8icxR,1
R_1o2ctRO3OjGI6c9,1
R_1pT1SxXgtSLqMaJ,1
R_1kZIgClfZpQUVn0,1
R_1o12XSmqKQQumDG,1
R_1mVglcuVCDRwl1N,1
R_1q4Cr0LKAnXxNXb,1
R_1mCNdgbjhKJZaGV,1
R_1q8SpwM6IAO1OEQ,1
R_1oAVscXwuqZDbAZ,1
R_1pVYJYj3hBROD61,1
R_1mPj60qeQsnX5Jp,1
R_1qVh0HTZGjFkawL,1
R_1rq6ynKNhVQiH2m,2
R_1pWKVGjPZlAOv0p,1
R_1qUr9pgq3I0sMju,1
R_1pG2rEh78XZKZa9,1
R_1qU72puZQBKZbpF,1
R_1rNWn9s26IGeupa,1
R_1r829F6pKaGgNU7,1
R_1pSBqAltvpFjTYH,1
R_1n255FyU9mqOn90,1
R_1mshS1CEulFPAmZ,1
R_1f6DfqnTfAeKgoB,1
R_1dhJwXrPLqOfqpS,1
R_1ouvGDBnsUCeF5a,1
R_1mDbbGgElR7pkE4,1
R_1roFlGP9t6NZ9vz,1
R_20PrScaPVz6UMsL,1
R_1qULZ9DfnPwgmra,1
R_1mtjxvjIRB66Aac,1
R_20NxLZryFJ82Abr,1
R_1oAwVRCXZEKBmSl,1
R_20ORisnw5fmhAzH,1
R_20O3WMpyTfPsPfO,1
R_21upfpmfL6o4IT7,1
R_1pyOCbAUlDuK6HH,1
R_1jpIcG5xflgAdTt,1
R_1oopbEHDOWBwb0g,1
R_1rproolxaqdRQ9Q,1
R_211jXl4r4rOPD9A,1
R_1rC8WgtylHgfpdw,1
R_20O6gmcTsIGc7lR,1
R_1rp3qP60zEokjvf,1
R_21ok3IjdGKl4Lv1,1
R_1onKEZutpPQKld5,1
R_21pPo2BoDKI7jMG,1
R_1oBvXJbrOQiUBOD,1
R_21mpkUYU99vgVSD,1
R_1pDJnxw9uazUyrq,1
R_21uK52ae8K5TVZs,1
R_1r0psJmBMRqNCFF,1
R_21FLPwHBza8uLSl,1
R_205xpFNj9hf54Jz,1
R_22M8WRQfNDH2zWb,1
R_23gGoaY88X7jtOz,1
R_21mOAkehQwoGAlM,1
R_21ilydSaicjKwiY,1
R_1q403XSxBRhAWvZ,1
R_1prktcRp56QjYJo,1
R_22QaCciIyL1RxqG,1
R_24wkHz0H2pnQDfZ,1
R_22JIQlTCoG46c8X,1
R_22lumd8jztPVBmX,1
R_25LbFubfIk1SJUs,1
R_239OUUnhxaI2hXP,1
R_1rp0Njj3GiYcfps,1
R_1pzGPh0TSScAdlO,1
R_24plf7tfloywa2Y,1
R_20YAB7Nv7FF5U7p,1
R_1rGQgZeBPyA7tA7,1
R_22FXn9VbbNgBKMt,1
R_24wOjWagClgehpT,1
R_25AblNe49iVOIUk,1
R_25Zuyq2K8GatQib,1
R_237CGDvj3CEN52z,1
R_1pm7xIPrBYoQ15Q,1
R_24GESzexhc9RApz,1
R_22RAxl999eHfUcz,1
R_23dxUuvTsQILs53,1
R_1rJH9hRUwB3J9Tp,2
R_24FWYAOTafssD8z,1
R_22t2Dpz5Ml7Wytl,1
R_26i2LxPfj6Z7imc,1
R_24o8udryhHGvWAQ,1
R_24uboTjksBBwGQi,1
R_278zvhYfmKRmyuI,2
R_20S7t30N3EBDsew,1
R_1rvujv19lPL2EZq,1
R_24q8fDbKibL5vgg,1
R_24nJA10a1dAIwht,1
R_27g5j5AeMDLVCTi,1
R_25LArrWe3fqqJhB,1
R_24otNQrXCQrM8lZ,1
R_27ffm7O2zjmtCkJ,1
R_1rwTICW6b0tx9pe,1
R_21FyQyqqzv1OPbQ,1
R_27EyW5g3lAH1KkL,1
R_1zcORtI0mDIFxol,1
R_27m3i0A7AL1tJiG,1
R_25Z9SPgJPLmUB6z,1
R_25v99CXPUbg1wql,1
R_27pPgMugJXtbR9I,1
R_27Wo6fkNEB5g1HS,1
R_25HMB0tVKQYafpH,1
R_25uQuWOq7uZc7pC,1
R_25tp4zgBLuVLQaK,1
R_261oZfhHPwPEftf,1
R_21nNQZUKkOqobHe,1
R_25uZxiVOnKGiKKm,1
R_24jBD4OnQddteOM,1
R_264qpN8ctSOMggB,1
R_26hbJHvWCKntNRM,1
R_22XsTHHQRM5PDgX,2
R_22SpQEL0fF7s864,1
R_27PZyVtfKUTA8uc,1
R_28NCV7G1jKxSctt,1
R_21tUvX3upkp1Rqd,1
R_27svYriWbjlXvRX,1
R_246QqFf0sCGey2P,1
R_1mUCUZcFu87BOe1,1
R_27Cfjz1PANkUcVA,1
R_28IDYYWZYD9AOAD,1
R_28Mw6NWSwWhVEUc,2
R_28zKmwHrPKWhyka,1
R_28J7ptGPNzFwq64,1
R_27qeMqKpAxKzMRa,1
R_24eNudRxiMpPGJF,1
R_24BCKjfEBIFUxg5,1
R_28LI6iIxeuUNeBE,1
R_28NiBDstwVZjEg2,1
R_28Yh2WqPat8dCyg,1
R_278SCHGreN9HhT9,1
R_24GAcJ5YD3YTMXA,1
R_28YZThwlmsSvioX,1
R_28MxFS6nNQwVK6I,1
R_2AEgInONOjDvFY0,1
R_28UnkBVvL3sYsmP,1
R_2BhTvlJY8vf2MlY,1
R_29doJeTkRePWV7E,1
R_2901j6byZ6sqTDH,1
R_2AKVzUAS43w2zm5,1
R_28TJxIFIGw9YRzV,1
R_29jnc25GGPLsrbv,1
R_27cUvC4xs2tqB70,1
R_26hU7okvDwOex41,1
R_2B3AES8ItJ9TMI9,1
R_1oCpir47fB1RHre,1
R_27OSxMQG3sYJpJf,1
R_29mLKImdLEnJUQF,1
R_2CfzpXgFxcnsElx,1
R_2CjCYfuoMjd54BU,1
R_2CCwAhanoksgaIj,1
R_27JLVVKtEl4gjeJ,1
R_2AGovTrjuSjh4yw,1
R_27jPvGwjnSjyqdd,1
R_2D6oVyYEBXm1MgO,1
R_2CmlqOdhW2MKdy0,1
R_2CPUCNuQ3pnzbSk,1
R_2CJ4MpFg0ggtpOU,1
R_2D0mZUmmSQ3bZBL,1
R_2AWGGcsfFd9o2yo,1
R_27xnu49kRFGbzkc,1
R_2ClYDQF0MLA752F,1
R_2CrKpdjQtHAdtXV,1
R_28CYYwxam9ESQaq,1
R_2Bma2oeG8FVFc9W,1
R_2E1ah1uL6suOZ4B,1
R_29hREFNqJmcH3p0,1
R_27VuIcXkoollN7t,1
R_2CPsu32BEg1H9tI,1
R_2COowbDZqcsXdxl,1
R_2CHv5gSAlPflhNP,1
R_2CJu8jWSIOC4ZSP,1
R_2CNcdD6JkHJBryu,1
R_2AGab5ksmCMD34Q,2
R_1rd0WWhQIy7F48X,1
R_2EyPQdjav9MoCqt,1
R_2Ei5CN5BIIGCuZX,1
R_2Cs8pmaxRhmG0Ml,1
R_29ajJF4XIkKttQv,1
R_2CwSBnVRCiLnVK2,1
R_1rkOGAx8sw6jJDk,1
R_28NWVxS0WCUbLLB,1
R_2EcmiMUeyC34Hv4,1
R_2BgnhxSFsOqzKkB,1
R_296u3ll1qpJQPy2,1
R_2D8sUCqjjVCc8cA,1
R_2P12IExO9GOvEao,1
R_2OMSOh98JX3Uf4H,1
R_29cvHX58ncz0Adl,1
R_2D7hFReNnXkvbYd,1
R_2CwevvfbBu6khhh,1
R_2CyssUVjmikbwZ3,1
R_2EfTKXg3p1sSz4V,1
R_2EzbIqtTYDg3Oes,1
R_2DTRL0iqdPlUOsa,1
R_29buokt515DwjKi,1
R_2EgUFtjWTO78OXT,1
R_2OT42L5X7SZvDrV,1
R_2Pj8gw0DX9vUlZI,1
R_28SXg5XSPNyGpnf,1
R_2AMZ1RyYLdLZBve,1
R_2EygIZ7MN4L4lQi,1
R_29s82eJoqhVjNbH,1
R_2OHHOc9p1gj4Wlz,1
R_2OT5dkkBVMCSNH9,1
R_2E4Xp7JSMT1LhGs,1
R_2BfdTXCK3KWN11r,1
R_29x88R8VZkecDxD,1
R_2EzNbMjjTpIf3mW,1
R_2CClVS91qJhybkp,1
R_2Bg33XzStEyq5YM,1
R_2P88bFAqH0q7HgZ,1
R_2Cgh3s99PplscaM,1
R_2QhPBq0eZ3IWZw2,1
R_2ByeyyXPmq2g8VL,1
R_2P4KjSG4eZ3syGd,1
R_2CTkA8bUdP5elHg,1
R_2Cmu6zHo4jYhndI,1
R_2S0Mom1jO5CrNaY,1
R_2PiNcNBPRMI6N0D,1
R_2D1gAlpBufxhkjt,1
R_2QLGJkMCmOb8ha5,1
R_2CJ8fkt22xMBROQ,2
R_2QPoECDOzoi72eU,1
R_2ElXpkTTs66Iix4,1
R_2SjJnRQY8grFeAK,1
R_2SDAC1q5DQucGK6,1
R_2DSV5i3QRGMkX2W,1
R_2PuRhA7XD5tvg6V,1
R_2ErUri5S3CP8kz6,1
R_2QLspXSLKfe1UxQ,2
R_2TB2bSXEuoPkoUi,1
R_2OIJbxdCXo0upBO,1
R_2SGoa0OgOxQREB8,2
R_2QujIXLmWx0nDId,1
R_2TGLm5yhRkk2nQG,1
R_2TGn74gIpaokesW,1
R_2OPc9S8pYgyS3CI,1
R_2S62RJjyYtXqK5C,1
R_2QmwZV9g4aBZc3W,1
R_2OPYMawrijCWW0b,1
R_2QXwCXj5hf1p37Z,1
R_2TGnhnkKRICxamj,1
R_2Tn0J401VVgFPhH,1
R_2RNYREaz2XEaLci,1
R_2OW1aSSg6UN7Uw1,1
R_2S186VIWnloaaU2,1
R_2PbMYhSqnIJbRqx,1
R_2P07qWBSGI4U5F4,1
R_2TMMQ2RYZOSjnHx,1
R_2Qgo8l7nD4mCdm5,1
R_2RVaOcqzgl9JLRd,1
R_2Sw6xKcjoF0P3a4,1
R_2PcWeo9qYqgOqRE,1
R_2SucSvn52Wz4D6W,1
R_2R1tSiGp7sOpPh8,1
R_2VfqdvflwmTJnja,1
R_2R8JlGiOBakbuPD,1
R_2S831v5vUm6AkMP,1
R_2TBRANaaaWE8h0c,1
R_2V4uW5DLSFBTeuC,1
R_2QMzxy83oJEAlb6,1
R_2TOiZF0863RcBOx,1
R_2V7RybbizxJ8QLI,2
R_2QiHceJ7TkiuhgM,1
R_2Qn78qT1WhwstGw,1
R_2VC8iOasSc9RNNS,1
R_2QgpA4jTdXngFW2,1
R_2R92jdza1YnfNQn,1
R_2UXh3cdo05OMwwB,1
R_2QmRnSqbvR0dAhQ,1
R_2TNzHeRqmuG0Oia,1
R_2TRjCL1EK7K653C,1
R_2Vg3SDurLQJHWrC,1
R_2TADdwIBo6aiaSD,1
R_2SrhFmuBMRVQ2P9,1
R_2Qm63bXyhgngpOo,1
R_2WJurkCZZdVahPB,1
R_2R4e3T8aDbRELJx,1
R_2UaAh713iMd0Hbl,1
R_2U4QYHQZnyZdDxV,1
R_2R93FvNaq1xRz7B,1
R_2WZoZtXEKC0FXJr,2
R_2WTmhYomwekwBhq,1
R_2VfFX2LOdph3SOv,1
R_2VmDIIz4K1cdeS6,1
R_2OVnd3oJP9beW7F,1
R_2QWWLUeyXig7xa3,1
R_2SenyhOdi5jKJYx,1
R_2WPC1tYlkrqrKYb,1
R_2VOziJmelPd2YlO,1
R_2U5UK0atxau8cXK,1
R_2VOYgQpMfjQgGRp,1
R_2VjRFBpd47jVsb1,1
R_2SprBgmbA0Aiu2M,1
R_2WOvvGbg7BWfOs9,1
R_2SpI9soK2YeOR86,1
R_2V9ImFhGrR0xFRB,1
R_2SoGVrAa9vWNSkb,1
R_2Ubegm1P4ZyCpSc,1
R_2WummSvv9HKD4pl,1
R_2Y56385gIoiPwDR,1
R_2VqhCDZQfJOWPIC,1
R_2DM89xs5VB6jjQB,1
R_2SdTPk0kjJk1cR7,1
R_2Y4IqhuEVoqVxYf,1
R_2TQVyUup97gJ0KY,1
R_2Xb09VyjtfEbe6R,1
R_2X4AcEY1gc9B57K,1
R_2XiywNZU1BPwWOt,1
R_2WUAXZnm26sA1LP,1
R_2TtygReZYXnOT38,1
R_2YfQSfLDY8cmDYc,1
R_2WuuYP3x6UhT7HI,1
R_2SjKA42cYavUNiQ,1
R_2UWRwxYP47feMKD,1
R_2ZBvBcQCjR32760,1
R_2WVEHpWRmoIu7Xm,1
R_2XnwVZYVAiKIcKD,1
R_2YREn4Us4LF62aL,1
R_2YVW2VL5R5VJgiS,1
R_2X6EJ27SgvUkw7G,1
R_2YD48P6VAc4hRK7,1
R_2YYE6mDl8bmXitR,1
R_2UbEvRs8yndPcNb,1
R_2XjqBVIYZEWZYbl,1
R_2XcTwfPkvvLvV2J,1
R_2XoCswuzhPIgYrp,1
R_2Yib9xU24JoLIkq,1
R_2YxIaQ63fopW0gG,1
R_2VO8ZD1dE2hjCcA,1
R_2ZDOZx97QjNWoh3,1
R_2Ycchf1qjGdlEJ5,1
R_2Y5MGQbF4v4feLx,1
R_2ZV4fS1mJXlaMRN,1
R_2XjwDRwnQUAP4Gh,1
R_2awuJLBLI0NI04j,1
R_2Y95B31w6xjlmXc,1
R_2VqdeDaYtvkrAzv,1
R_2alFaRmYcUnzyYK,1
R_2ZWfxnqvhOo3Dvt,1
R_2bGYITDMFZuwnOa,1
R_2XnA88xynuXzr0D,1
R_2YPmFQLNVk7Pqpp,1
R_2QDGnSbrFgA77b8,1
R_2ZTGgQGDgK9ceGF,1
R_2aKalBBgUbUrv58,1
R_2aLTsdLSwCELuZN,1
R_2b1U1aPoGn6NPjI,1
R_2WYfP6an44n9IdJ,1
R_2bKlCflowvbi7UC,1
R_2YuqmgpVexBfe3T,1
R_2YuqPgDirCWu53V,1
R_2X0fYU2lQnmM3gq,1
R_2bW3vNzGKs2B9r9,1
R_2VHKXwLhuwi9UHp,1
R_2azaMj7DKXaoSO1,1
R_2c7z5brrtDTfGmK,1
R_2ZUFQ8fJQxm7REe,1
R_2ZNC7BVAQNUd9lP,1
R_2b3pt2XXEiSSNE1,1
R_2cegvjNsyuXbFjM,1
R_2YYB5rEVYUX1J6J,1
R_2Wwn42GLQyBnerK,1
R_2X4CVnE7RgDUInC,1
R_2a9mEGjjdewDUVV,1
R_2X6QHoYXHayTNB1,1
R_2Ys4elIYOiYq6jw,1
R_2ck1md7jpabzZdy,1
R_2cwTIIIx8Pnpfkt,1
R_2aVTTCPwdBp7vM6,1
R_2YJprYmECgHSMW0,1
R_2cdDfNjNh60uBNk,1
R_2aVMBfC0sWXETUA,1
R_2cq5IPpK7IWU5kn,1
R_2YMyqoqD467Sirz,1
R_2bVSBnnW1h5rvJg,1
R_2bHtFIrwhAkGfgl,1
R_2c6o0JcEeiS3rJn,1
R_2dJY7C9dKsP1PQv,1
R_2bJ0O9izkXw0BcY,1
R_2cnCtyS9GOVCh7l,1
R_2dL8UxUBGw2oxZC,1
R_2ZIdm0CMdElR4SD,1
R_2di2qw9QdQ6P7Lc,1
R_2disCj3e5K1EBik,1
R_2ZQz82ID7Bds0wc,1
R_2dMGklystnOOR7o,1
R_2dM72sx13QXYNjb,1
R_2aQ6b32E57vQwPk,1
R_2cwrJrFLTFZFSUj,1
R_2aREe2nBPe3K73K,1
R_2eaMkGQ8E2pcKfi,1
R_2dzrAm6cUI1YDSt,1
R_2f1zYkfo0bYsKK9,1
R_2e9DlfaxudQ6Sff,1
R_2fv9jl1ahjy5xX1,1
R_2fB9NFq2VYtRkAi,1
R_2f9e8TmYD6s4WSr,1
R_2bIThHhn1yDwpJP,1
R_2dMI7iHnKsdZaUY,1
R_2dm3grOBp12CfZB,1
R_2aVuIlwlpyOnrDH,2
R_2dyz1mhTVeUWx2N,2
R_2aRZmLZzLBOTKYc,1
R_2bPgdKBfsey9Ufp,1
R_2c881btAJCHFX4t,1
R_2fwjz7leoLRVbAr,1
R_2fIqEXpBkc9H2mY,1
R_2frKSJZhWMzHcd5,1
R_2e4IVigYY3FeNe9,1
R_2e9yrsB3OetBDhK,1
R_2bZX30uAsgOAPAq,1
R_2cd830MRUNPdDgj,1
R_2f7YzvetTDKhEpw,2
R_2ebDLTEUagBRc1O,1
R_2cbHeYcE6b7FyMC,1
R_2cuYK6M0pv8GvmC,1
R_2TnjiqoVXmeYdsq,1
R_2qE4Gv9wmLBygbe,1
R_2ePGltN3ooJweNf,1
R_2q9G7SirTxDUE11,1
R_2cpUvF5M1n5BziC,1
R_2rAAa31tpkym9lE,1
R_2fDOFwpO5rKJF5q,1
R_2pWtDVLu0bGuFmR,1
R_2qrq5MtJ161CEGk,1
R_2fprg5GDz076qUT,1
R_2czMjyXtnXFh56C,1
R_2dW5WRVedZEddcS,1
R_2rUUBpevQiiIENN,1
R_2q8VhvzY54alTxB,1
R_2feq96q2f1ozDYV,1
R_2dXvLgcBYHVjfjb,1
R_2qEHbGfrORLqOwr,1
R_2pL8Vf3r6rCoQsh,1
R_2qmyWMa0deLuAdm,1
R_2q3OoXAhaF455hh,1
R_2qjZzl9FcFX7buR,1
R_2ogXKfW7OmjzvvH,1
R_2dYIu3lpx0zG96J,1
R_2do3Ly5OullEyau,1
R_2diEGp9eI6Z30K7,1
R_2dSGuSPV7NYK7qG,1
R_2foE1xAZCROa7UC,1
R_2e8tLrTgkpxN3YD,1
R_2f9jwRXubjASAVv,1
R_2rAOQjcF643YvZF,1
R_2qDJax95MyoX29t,1
R_2f8IY0YX4WwR3BC,1
R_2e3xhqahk83SGJ0,1
R_2eaSw0uEELKpi5i,1
R_2e4KcoXG2fvEGX2,1
R_2eVGWEBebYT1wC0,1
R_2qyKqI493AjyGgd,1
R_2qkM9rClvLXGELL,1
R_2fAN91XnC4qc9zM,1
R_2fv752jHYwadH5K,1
R_2sWIRhU7iqNRwOR,2
R_2uDvYctfj1f3VvM,1
R_2tr1bYQQfAApIyA,1
R_2rVfkDUDPgISUNc,1
R_2sdLxKVhXcd0Ioa,1
R_2sXdFzNrVdSi32u,1
R_2tg0VyCvthknr6H,1
R_2pVruKtWKDILON0,1
R_2ri0fHFhodpQAdx,1
R_2uEUWOCosCVN8fg,1
R_2uPbfmmLc4JKIOf,1
R_2pLfU9cPkNDFTi0,1
R_2t5PEhglot1i9bK,1
R_1pQCjjyM3GuYVKv,1
R_2skvdFiU9H7YsQ9,1
R_2Yocp74TxraMS8B,1
R_2tmPstCSfGcmnos,1
R_2sbu3BHeWHnef1S,1
R_2tD82KFndOJNagF,1
R_2t5JDFZEcElbSxQ,1
R_2t2PFFcYRLpcrg5,1
R_2noFQ4SE3shuM9P,1
R_2qgtHbhc3lkUyqq,1
R_2qaC8AOVmXP6jgS,1
R_2qm8Sh28RjuFzgK,1
R_2rIKonEWLTyhXtA,1
R_2sTmOeokCWfEDTb,2
R_2rYGv9csEfZZX1X,1
R_2wNpslUhvuyy1Rb,1
R_2tzhsOb1dl8yaYZ,1
R_2tsU0Ri1d3tt0Dm,1
R_2uJLen5wUteQadR,1
R_2ttxUNHWCIvmYQN,1
R_2v63DjmdezMK34N,1
R_2v8paUWlbPXMmDE,1
R_2uqZ4snnayAve6Z,1
R_1n8B2MkSLA34eaC,1
R_2qvX95TSMqsuGhv,1
R_2vhUtlvtau7E3qF,1
R_2xzUZM6KkHdGeqj,1
R_2qn2duiNLKMnEXe,1
R_2wQUX4QcTBaSTKH,1
R_2w5HKLOX3B70fGL,1
R_2uxJJo0egJcCHdv,1
R_2wgyMsU86bQidKA,1
R_2uZYGpeoRR8RFdH,2
R_2uNE67pwdqcgF6t,1
R_2s0IXVQzXCOQg2Z,1
R_2wKMtzlvwEGhUlg,1
R_2xys8wt4yYtmpIM,1
R_2uUqJlxYRAxHum8,1
R_2wsH37gRLZyQSfK,1
R_2wQWL3O4qlA1Ikn,1
R_2wTeRtOIEtIKB1c,1
R_2velzMb2TEwdhRZ,1
R_2wdbsHPEYxba134,1
R_2rqjx3UK2JCrsF2,1
R_2xRc9JxKE8eTLzf,1
R_2sQLEhi5Yirxl3J,1
R_2tyhOTPFfEyoa9A,1
R_2ymEiwR2YK0rNlz,1
R_2tbSp1fzBhvr3a3,1
R_2t6dnmtDaVqCjy0,1
R_2xDdTqY1Ro0x5PC,1
R_2wAA7fgcAdni7Qu,1
R_2z5U7ZxTVQ7BiJi,1
R_2upxvBJXK9KQ35b,1
R_30jf6GKzzcYVmpt,1
R_2y1JrK5amCPF9xL,1
R_2zOR4bJviN3u7Em,1
R_2xV0wxTh7I9cvLj,1
R_2ukqa6rYShnHlvP,1
R_2xxw3n1WUa8i7LK,1
R_2zpgcxkGmbNvIyU,1
R_2xXK8VN9i0Ucma5,1
R_2v346sBkW28WQ0F,1
R_2ve5Tpwf9UBNesv,1
R_2ygEiLvvD1VG15S,1
R_2zjdCjEFvjmJM3Y,1
R_2yeYkaM1LkhK1Li,1
R_2vbLcrNrxDWwQbg,1
R_2zo8mkCTBFpDLdv,1
R_2yrvOx5XWojFyA3,1
R_2zIwTGPzMAwbhFv,1
R_2eUxfytX7NpkKEu,1
R_2zO4MoUdLot3H8z,1
R_2usQNweoP42LGIk,1
R_2wEsfLl4OfZdgZc,1
R_2wTWh8WTx8VsfA1,1
R_2zr8ji01wqSsrHh,1
R_2wN7mwJ8b2uYPDa,2
R_2xzznqA6T2prKcG,1
R_2zBapsyqdFG6ego,1
R_305J1RU0FkXcohO,1
R_2WVBDGbh7LRf2jv,1
R_2z8SG3hXiIwueoU,1
R_2wuyMZsPQ1EpZMk,1
R_2wsEdmxep1sYU0W,1
R_302ls3SV9GY9dXw,1
R_2dhUVmXTfEdftFw,1
R_2xDyRrt5aO7wKrb,1
R_301y9iFNSH2DBZ7,1
R_2zvdth71Q1BB3oh,1
R_2wgdbWAfRI0IGVn,1
R_301weUWEMIY81x8,1
R_30l7kaYtIZi6bkK,1
R_31cKMc8et5fv9ua,1
R_30q4rmFITBrsNje,1
R_2zwfXhy13i5QbbN,1
R_2xQrLety1EiLWPy,1
R_2y89mGR3uBzGfsV,1
R_30vMT8f2NYHEPUz,2
R_31HRPdmHx5fI1zK,1
R_31ZQUlwIBKZlzXw,1
R_2yrvTDiv1etXE12,1
R_2zYoUqe6uK1e7Ue,1
R_31YrpsdmHLqNIgv,1
R_31py2JZ6vnGag2T,1
R_33xtNG1cCNIH2zz,1
R_2zSkBzNS2AqtUIJ,1
R_31T7OUxAz1kRnMo,1
R_30oESYnoTjUcksv,1
R_31gaJHiOUaGjH7u,1
R_33kzLN9jaUDZrYq,1
R_2zvS0fs2VG5MIq4,1
R_31oLWH4nZczbsQj,1
R_31ZyHUJybGF1FBd,1
R_338w6vGjPsRHqRJ,1
R_30kFBnWyFAmLAPl,1
R_31zW67NPbbdZNjS,1
R_31TuuwOx2PS4ki2,1
R_3CJIYZf6Q2lSTIl,1
R_325XhQ1GcckKRzO,1
R_32MlxAdF3Puvsjf,1
R_334rogaatnzjW74,1
R_3CDXHfzILt5TkWD,2
R_3CJcUYuEnjMAVae,1
R_31M1kNd7WL08D9C,1
R_302gTjD9bcRb5EH,1
R_3CUbnaotkYRKvc8,1
R_3CHikTbKibxYa1q,1
R_3EEhd71i3168U3r,1
R_3Du2JsTHomAIgrb,1
R_33rKMjZJYLgoqeA,1
R_33pVnrsWSmzQE6y,1
R_31Af5EtVzYZobcS,1
R_3CwrjlJYeYsl5hT,1
R_30821uBZ4FeBh1t,1
R_31QSWbwFo9QJ7XG,1
R_3D1QAsXhfyJBQpW,1
R_31S0iCFQRqrneXR,1
R_3EQlHXPUyp1RvWt,1
R_3Dw1fSVL00UIzd2,1
R_3CWs8OHOE54ulMb,1
R_31HsI6V8yEVK8Z8,2
R_3ELnMgXbs4u2iVI,1
R_31otPXRRypDWA8a,1
R_31hMJ7TTcnWQv5Q,1
R_3CW8tu0OyyJBkJd,1
R_3D6omNRyZwDaAWm,2
R_32Raqw5bXD9ef8Z,1
R_30clPGF0Utu8pog,1
R_3CJlLnSF7mInOwz,1
R_3D8CWzMt2B4eyk6,1
R_3EgJf3zWdOqSr5c,1
R_3EVWCszA4ewFztc,1
R_3DvWPODbfWznOOO,1
R_31nj6IsJWBS6dZt,1
R_330W4L6J0cEFEhA,1
R_31gcuSQpmJF40Vh,1
R_31nndVXWNrDO4Qd,1
R_3EfCqaywtLsbZhE,1
R_3DiknDSl3WZ6ozA,1
R_3Eb65ZHNpi1LDDC,1
R_3ElJlMkAHXVlMVI,1
R_338Tpa1RaDwU9IV,1
R_3EYEn2eW4iDBbXN,1
R_2dPTkYaDOgFODCp,1
R_33eXR5nhSL0vlLI,1
R_3EcMzjyRvc47iuO,1
R_3Ed0LeUQzJOzwuC,1
R_33jxEeQaHYT9x2d,1
R_3EYZxxgJAmwZwUy,1
R_31bkv7zLRM99bBX,1
R_3EZiz4OictbdqTb,1
R_3FJ8IzJ5c8e2bkW,1
R_3EgsgOUlJcMRkMD,1
R_3CPHfd8hgiFH0bO,1
R_3CR4nKVY9K5uDFn,1
R_3EuTl1vsueSMhHD,1
R_3D09itcirlbL4cB,1
R_3FLRlZoimeg08hB,1
R_3CVdMg3Adj01YrL,1
R_3F3xEurpUmW8BVB,1
R_38nHN3nJHeoI6Z3,1
R_3FR1C4jUOdbhFHl,1
R_3Dbu5SjS8QqnbMN,1
R_3EsVp8czq1LxzBH,1
R_3Emu4JJ7tUbjur7,1
R_3EopWM9NZZVyTu0,1
R_3EuHE7uHI8PO8dE,1
R_3EulaPPlEh9JJ1s,1
R_3EETZhtUE6txk7W,1
R_3EAtYiSEGgzGVlb,1
R_3GfjOP2TqjhWBJr,1
R_3G23x32SA8Yj4dU,1
R_3FWEtb11KYNVgJR,1
R_3G9bMUuQGLm3hMl,1
R_3ELU5zYvP9wzBYw,1
R_3Dz1p1k6dXOcQW5,1
R_3DtBXDmHD4hKOqi,1
R_3EaKhiB5XFVvMDV,1
R_3GB3I9XADdCeuLf,1
R_2zpQVi02dWxLKb8,1
R_3EFHFNtiASkgYkx,1
R_3Ed6ZFn4K9Kdm1M,1
R_3GE42KVRnQegCKS,1
R_3IPMVnvnleqpoMx,1
R_3HIHHreXyg7Y9DK,1
R_3HRAkk1dEfxa0xE,1
R_3HLFhRiJOjOp6lK,1
R_3HjBXA4wZ40MDHm,1
R_3I5DjkLHifiHMOt,1
R_3IWQjajR1PtshK8,1
R_3JCxT6rQKFshi94,1
R_3Eydtn51YDlGJjs,1
R_3DpyPLEIc5nUL3g,1
R_3Hv1tVSvpiHddvo,1
R_3G7W6vcX3HsEQTB,1
R_31gFGFSSZHzp3x2,1
R_3GqyeoWfg1bzgIy,1
R_3EydAsorCNyMdHS,1
R_3HYnWZqofzC2XIg,1
R_3Ht4ZSQ79ZlC6WW,1
R_3ItEC29UTaRZldv,1
R_3HTxDjHPkN1ICiL,1
R_3JCdgCdKjShP0PD,1
R_2X7H7gjzA8j2SoR,1
R_3HYWPYx2Zxjam7W,1
R_3IWWkSJVgQk7UdB,1
R_3JKPalnzUZwdjzT,2
R_3HnSFIwFwfut266,1
R_3JlXDdh3PJT2i64,1
R_2rCxUEFtYXckbTX,1
R_3HjdCPiKJuaP7uh,1
R_3IX2Ft0nMyuOdqQ,1
R_3HoCMYmSu50WfSS,1
R_3KAv1JOqjWbFDyo,1
R_3FQi2Pw3AhJGsmj,1
R_3JEqjTwrly0NN3V,1
R_3G6rCRgXKSeJt6U,1
R_3G6XyGtP0mB8MMZ,1
R_3Eaw3dH03SOkVjB,1
R_3L1fkuRDNbJG4ep,1
R_3EzqeXmlU83QWZH,1
R_3EyFmgmyaPSVL35,1
R_3JEM69JCqdol8mo,1
R_3JDvBO84oNW1PYJ,1
R_3EK01SsGDGXh24M,1
R_3EnGKwDskfMB6PA,1
R_3JFpSQCdyRnkfpA,1
R_3EScNYUq7KMRM8Y,1
R_3JdP6bNimOaDXI8,1
R_3M4EzCPbjQE3cb0,1
R_3KYNvWPjJQYm2bN,1
R_3HRKoT6AOEj8LyK,1
R_3Je0e0QvA0lzdGr,1
R_3LkltEdVSVWF9Bz,1
R_3GuYNGk2R0yd9B8,1
R_3Js0tvMNc2hNIwk,1
R_3HAYaebkOVIc6Hq,1
R_3Gvn7L7ZhxweytP,1
R_3MK9r5pykBD4zOK,1
R_3MM3HtJ3RLEplXm,1
R_3GcW9LvpZHjCev9,1
R_3LhyOBIV17HoHX2,1
R_3GrdrrpEX8cM91I,1
R_3GqfKq5cjecbxzE,1
R_3Hi60u5oT9yD5AW,1
R_3KDs8KDzc8BLNfX,1
R_3KxW4oz7hFpvsVN,1
R_3KxZL073gvoWBOH,1
R_3KT7LDn4oMBjypn,1
R_3LhDMZFQuTJedF9,1
R_3NDNRkLJ3WKQX9j,1
R_3MMyxBvAIGKm1hx,1
R_3IQZFVBbq9hdawC,1
R_3L0CpNn1QuFDRCr,1
R_3HOKzShfwQLy3RT,1
R_3O2iq4RAv3qDUt1,1
R_3ND2KhKDDUZUgMI,1
R_3LaT9pHWnKz5q7W,1
R_3M4ISYaNuvUWpmU,1
R_3JK3dEwsnL2ky09,1
R_3MQbPM8teTo2Roo,1
R_3HwBgwTsxapcygU,1
R_3KDfvIriRUrEgrR,1
R_3NKEg0xIFtlutfS,1
R_3Ny3TOPZ2IYJ1mb,1
R_3J7SpUSNs1V7ApU,1
R_3PB4iLFvESADWCl,1
R_3JJCDzNOcSiz77K,1
R_3MxMJl1NPr6XvwQ,1
R_3PAzxFh78kibd8m,1
R_3M421aPNVd4Qq5v,1
R_3PdW31l93mf0M8j,1
R_3PFW4MUgMS4yt3G,1
R_3LiOBO0Lq1GLytO,1
R_3PTQ2x3xHBUlUiJ,1
R_3MhEXY3M9u0Utef,1
R_265rh6sArNSw3wS,1
R_3MAk9mwjuyUhAZt,1
R_3NWEGIXneXnJE8A,1
R_3MzDUi35lS9G8mc,1
R_3Ms32bj8PDQFUOS,1
R_3NDNvdzGRU78nmr,1
R_3PHBSKXep1eAa1X,2
R_3LYDnngqb1XV5dD,1
R_3P6PgfrfiqpMcah,1
R_3P5cZ4P0v4xBuQ3,1
R_3Ppn33LMaXbq1Z6,1
R_3QJLk6hmj7Zd4eR,1
R_3QoU4XaqQ2m83aF,1
R_3dKV0QxAt36Al81,1
R_3QSGCqE1G8xZ0oH,1
R_3dTcARrzbwRr2Md,1
R_3PWVOUQ0p19BHzX,1
R_3Q00KczfeoFao2v,1
R_3P5IDxXp23fG8VC,1
R_3QYiYC5Qzi3isQb,1
R_3RyzluSzONRF64i,1
R_3MRNh9o3F95seur,1
R_3RfFU2w5e3S8wEi,1
R_3PYPh0RaBt36seq,1
R_3M3QCotlWulMmBU,1
R_3dKbmCsAFn2figA,1
R_3MJZa7semKedVgD,2
R_3Pd9ynPjVwDzzkH,1
R_3dM5JLrjXBCkwSC,1
R_3QGjDrsCYdqDfHM,1
R_3QnqlvgC6f3ehk5,1
R_3Mcb725xCDSYr1a,1
R_3fCMv75jHDynRkP,1
R_3dPKRFABPNPBid0,1
R_3PZFSlvGbC2MQtw,1
R_3dSWbISo3HuxRLE,1
R_3dtefdmwGKy1YnD,1
R_3NFpdl4firGCg8s,1
R_3Ptpio6fXVFg6rD,1
R_2pRnnF2gX5SJOlR,1
R_3O3uk4LSFxF8CmW,1
R_3ezvzvIcZrwM0Y1,1
R_3O8jKgP7PSFaIng,1
R_3dJPyZt1v3InQ3R,1
R_3Pe25yL0X8eEeEc,1
R_3PvQ0qJRlWM5ic6,1
R_3dFlondmEr4rjp3,1
R_3OcCO46LzYITBN1,1
R_3dWFU4ns0gBubKV,1
R_3dDGYyJqkqRuqgd,1
R_3fCaesDl7Fphkh8,1
R_3OizC2jkTvqfxzk,1
R_3fPhbKYIhUBpLkG,1
R_3O6vKrJOkgQLyyY,1
R_3Rlxd3QWJj7Uxlh,1
R_3dYCAFI0c0LkBQP,1
R_3PUguVORkPMCMx9,1
R_3e9TwpXhF28dXg9,1
R_3P7CdoH1JHEG517,1
R_3ekOY0iFLBXI0Jb,1
R_3PH9XQQyIkVxUrf,1
R_3fICnAlYZ5c32S1,1
R_3fUWsamdI1SZENU,1
R_3fW5ZdDA0CTsBrZ,1
R_3QKxyXyf8hMCIMT,1
R_3QJE78aEQj4o3TF,1
R_3PLG2lHDuCTSNQW,1
R_3PWYCZLeSl1ydeu,1
R_3PLxtXx4OGLPFIS,1
R_3effNaslojqLFjx,1
R_3fMYZbbYB5acZAa,1
R_3egc9QR8qvhgGFP,1
R_3emfYV3yrym9rjW,1
R_3PXZBipkMthDBiI,1
R_3fSQgH8xnIpvpGO,1
R_3PovAcGONKucjCL,1
R_3fja3w4MQsvr80V,1
R_3Pp3gQRzzKaMpCc,1
R_3g6H0NBlD2HVucB,1
R_3g4P3S1Z8O1W7VQ,2
R_3hlNJK92GoGzvux,1
R_3Rgy0afn7Ja4TrN,1
R_3fDepIVMiK2Uuvp,1
R_3QXyamhVvP0uGlX,1
R_3g1aCSC4XhMu56A,1
R_3g7ww6oTHHgy3jE,1
R_3iQ3ImQXL2abWlD,1
R_3hFrtREpOckWjUc,1
R_3g0lAlxsRSWO8Zg,1
R_3RlTawtN6zap5gy,1
R_3iDSaVZVKOBQ4A3,1
R_3iRcjKXGeVHLy8H,1
R_3dRFgiOWWIVPtQT,1
R_3jceIhymzuI77ia,1
R_3hyDsYc1HyVcx5V,1
R_3hrTb2KO59dLl0c,1
R_3kyNhEJHtrSuh9q,1
R_3ebktelnymTJ9q8,1
R_3fepDl5aI9Ri1Ip,1
R_3eaeWIOjvHcrHaO,1
R_3hDQXR3fFVOO1IC,1
R_3dESWLcT5n1YpqV,1
R_3j8V7jIxLJNKFGa,1
R_3iw2nEUgEv4Liab,1
R_3lRFRw2KXgBvHhf,1
R_3kMWrE9o4VgnhaG,1
R_3hlMo1Z7UqeVvWh,1
R_3iCrB3JbKedsxne,1
R_3fJi5XYByNn0Vue,2
R_3jfCZZBUeN29VzW,1
R_3lzdLtNF2PZXIKy,1
R_3iD4otrfe47gALj,1
R_3k4zmNRD4xFY4i1,1
R_3fuQw4ReOC7itvO,1
R_3feBtRtWUcEQzdx,1
R_3feomCrCVByU0TY,1
R_3kM3NVnhZ3CnIUJ,1
R_3jYtI2ONyonCsFh,1
R_3j1liNzwyRifzMc,1
R_3lAJqYgrxkDizRB,1
R_3nTyLnzcMhj3J8Y,1
R_3n9v3F3fMcrKc5G,1
R_3nOSXBmR9hcpIt6,1
R_3j7mZ8gpc4rQJBL,1
R_3jUkxBFu38gZEHn,1
R_3jZ0Dyep8coefR9,1
R_3ewW1Ds3ahMDzT0,1
R_3mmJ0Bm9F5txZ4K,1
R_3ndcKJ8Ys6ae4gS,1
R_3kiSQCHO24N71sb,1
R_3mgw7oNrFVKn1ob,1
R_3jdl2dpC5myAhQh,1
R_3fNO31zJqaiijHt,1
R_3m2fuMTTmV1Dtwd,1
R_3j1KBLQvwgjnzxJ,1
R_3fy5yT6OWWY3srw,1
R_3hzKheXgVMSw4uC,1
R_3fqTXzkDJWGPrGj,1
R_3lRpFxJpFdq8dDl,1
R_3kaEcdPzvgkqOal,1
R_3n46zALGhdccNMt,1
R_3lXqaANchs5lqYS,1
R_3lQYtXVZ91Ac4g5,1
R_3no8RI5x78ft5zr,2
R_3nlbL0qqtlhbujZ,1
R_3hARLnWXx0qWaym,1
R_3fiUkwYLufFE4fG,1
R_3g7QuX7tRuPIAyI,1
R_3gZToWq8mM6jiWI,1
R_3nB2EOqAcP6lqnY,1
R_3j8JB3hxLLyPHMV,2
R_3n2UeXjXzyZD2sK,1
R_3lGjCdFwSB3EBep,1
R_3hFpI17IJYHw52i,1
R_3iPTEeXYwj7xIKt,1
R_3oECU3ZdoMZEJ2c,1
R_3nN4xR2YXOZ0zok,1
R_3mmEm5FrhMahBLj,1
R_3lumiIuLwYKRdmg,1
R_3pnxfyyL5jIIByU,1
R_3oLaEAyMilFSSwB,1
R_3nVkgTENehXUmUw,1
R_3m476JXVHMYohT2,1
R_2BgGoTkp5p6mrm2,1
R_3nMoTmrHhKJHZ5d,1
R_3jeTs805lWanH52,1
R_3qanwIjONv31B3I,1
R_3k7zOwPM409PLAq,1
R_3oL6psEV71inyGN,1
R_3lENaVlOvdD4pSy,1
R_3oAEare845nCka0,1
R_3k62W23hS7279Fx,1
R_3psv6pu5xKzz8hf,1
R_3oMFj7KRnIy7wsy,1
R_3oWPZ6d76bm9MMI,1
R_3lJFZ8koSeCGGYP,1
R_3qX0H8g2jfR5g4Z,1
R_3s0ydVeTgvUOKKq,1
R_3oBcFwvPhY90NhT,1
R_3qKczXfMKHsz3Yp,1
R_3p42wL6c13lKTPc,1
R_3qKgB5PcE58sLhE,1
R_3mf53m3R9tf0kKH,1
R_3oRvmsi2LbU7usO,1
R_3s5lAeuYW3A9ftj,1
R_3lE9ey9zyUQ2sdY,1
R_3qlnVNtbMCQRJHo,1
R_3rYcg6KgGYlXFfq,1
R_3nJFey33Ou9Qyue,1
R_40k1Xd6qCkBfK3T,1
R_3nT0Q47BaG7z9en,1
R_3p5zQZb9kuvsuas,1
R_3qF4omXG0a5KrCk,1
R_3ptMXwiNpOZ1hup,1
R_3qjtwMz9EtmSAPR,1
R_3lFDNuAt8c6AIUL,1
R_3nfwtkCGkFAII1X,1
R_3njzxqMss47AElo,1
R_3s4jh9D6DSWjwdG,1
R_3sn6rUp2BSoknJK,1
R_5dLCTjJAtSBZ0LT,1
R_41TyqZ5abGFRtnj,1
R_3qOtKL9umdVrxmh,1
R_55CE84QgkKP0NX3,1
R_3rVyqIsPvmqoQv5,1
R_3oBG7RIWlF31jXj,1
R_3nqFsYq4fqoiWfF,1
R_3rUFTf77hbqImJ3,1
R_3nrdLUcpxhRJ6Vo,1
R_3soJaiMxIqdfGYW,1
R_3s1GJASWNTBmZRv,1
R_6fecl6s54nXE5KV,1
R_3ozouengQJGPbLA,1
R_56dalCIWYiKehRT,1
R_3rBT278IV6kQYH7,1
R_3stNtDiiPjgp7aj,2
R_3rGmw6VYYvOYk1A,1
R_4VMrQSvSLk5BpUB,1
R_41nlnsVL7mFse0p,1
R_3qQgbZdJeAo4IBx,1
R_3oLycLfH2CM15IT,1
R_3qEjEoxu1VVPL4J,1
R_71EefCI56ilOCL7,1
R_5ALGn17mkQI97CV,1
R_6PepYVjTrKzEmbf,1
R_54I3eTYH423ot1v,1
R_4Gb1i04iLUDohfH,1
R_7OKS69nlhhmjPhL,1
R_5imkao3UxxsfGyR,1
R_6u8hBQxojOE96Ux,1
R_6XYmqe9ajgGPYbv,1
R_2cmWXAvfp0XOPjX,1
R_3ssPu9esAWSt65N,1
R_5ziUEqBW4bvyMlH,1
R_3qIPcYI9v2I60G4,1
R_6DzqT0xzokXURvX,1
R_5i4AUb709iyz1a9,1
R_6FrqlR1BwKuWIZX,1
R_74zPZxVCnEQ5cTD,1
R_3rHcecsnrxlQmMg,1
R_3r7mAoZYypb5wgV,1
R_3qU0Pm0LIQTlMsS,1
R_3rG2pBuzO9WQl1s,1
R_8vKvjkT7kCeRdKN,1
R_7WptNmWKTxVrOCJ,1
R_6mK518M5QfIjciJ,1
R_3qHHpZS0yOpwc1e,1
R_6zn2Xf30LQcZwwF,1
R_6u5nIHvLBx1xq5X,1
R_9Y3kgIwjOxczx61,1
R_3p4EnyfYikG3uVY,1
R_6XsakvBHX1mDkZz,1
R_6htwD8oVhiMAVSF,1
R_6WhX2xvftjJ7fSV,1
R_3syLADbCr25Hafz,1
R_3rYbDI4SxWDbi8c,1
R_9KTPSbW87yhGAQp,1
R_AEXNgTutC0m4FQ5,1
R_6nTEYJKGKgMSPIZ,1
R_4GFptouQah0ROgx,1
R_3spFMhGZF4GcERk,1
R_9pmMEeMuzx5yF8d,1
R_72kSFAAtSytx5IZ,2
R_783rDuRnQSGxmo1,1
R_43mM6RqfoU93aTf,1
R_81fP9xvBkIE4RhL,1
R_7NUaNpIsFzmSh6V,1
R_7PNatk1iU5sGrKx,1
R_8bKEoc4V9wDh877,1
R_8eV1nMkqRnf9O2R,1
R_9vODTmu84U4k8jD,1
R_8CFbAlB3orxVtUl,1
R_9nImwz4PhFI074d,1
R_57qayckQSumHfqN,1
R_83bxMlXEN3u6Olj,1
R_8qx859aktWvoBUJ,1
R_8f99p4FOFMae5sR,1
R_6KUyyhxNX5Xx5K1,1
R_4IoynhkibsZsM2l,1
R_9uhWKTwUpCGVRm1,1
R_54Gc6rJwEgpHAvT,2
R_8c4W3MSqLV4MG65,1
R_AFH8wHMEEWXmBK9,1
R_9L8jLglU3jEaneN,1
R_AaN3UafA8vV37MJ,1
R_6gn8tS9unEOJG9P,1
R_6ruh4lUsa1xjwd3,1
R_AmIdNznIzKGwpDb,1
R_6YyP1z7RK9AHTwt,1
R_A6yHRpmtIuDGwO5,1
R_ANjtYV2g6PVagg1,1
R_Abnr7eif5BFqJot,1
R_BKE7TM9SFkvNmkF,1
R_Aukp0sWzRXq8KVX,1
R_9H0O6AHHBexm0h3,1
R_71J3FwDBau2IU6J,1
R_9HzaYfsqhny5kAx,1
R_Atxru6ZcFWNPWlb,1
R_AgSwkWEbT9opWbn,1
R_AzVym6HVloN1U3v,1
R_AAvQwkSdl7T98Xf,1
R_AhV5HRCpq4wHyIF,2
R_AMBuythnF9mrBrX,1
R_82BZZtROs17pabD,1
R_BJ0E1S7EsmwjCy5,1
R_864fFlfLDNa1IJP,1
R_D7YWCnrXZWBXxgB,1
R_8kM80zRZqIhptOF,1
R_BOZeACYmJuLmL8l,1
R_DGpcaG6wDbCDGCt,1
R_BSedY8jLEYjhEGd,1
R_8e90N7lrZONnH45,1
R_C4wCIIZPxYJcMBr,1
R_7O65N2R5e5FbmU1,1
R_O12Jhq8xXSnedZ7,1
R_DTwQkgGXsj5n2QF,1
R_BFkuW3Cx58nNFG9,1
R_BzI3hwaVaQiwDlL,1
R_8qcm6b5GC6p8bKx,1
R_O7qw2tm8nXNt2Jb,1
R_ByzSrysouTBJDqh,1
R_BDrcOyFVTbKEoDL,1
R_8vkDg6KmYExmsMh,1
R_D8LX0vs2vbJW4Fz,1
R_AFDYlsjULjcjTBD,1
R_NXcbeqXi5neWGyJ,1
R_C4wK3TxhrapPDot,1
R_D8KvFfUVnNmYt1L,1
R_CmMWNk7Wm8XZMyZ,1
R_OHCz7PX0LkfQtLr,1
R_C1CflWrUbADSkxP,1
R_Ox3rKGkOR4vGYlr,1
R_OJf0DIdKZqYaoQp,1
R_DFRVvOWlbBEiYoN,1
R_DjXkkNJH1UvIp7r,1
R_Aul7hoBPi9i9XfX,1
R_Cf6dNLjSKAv0auB,1
R_OxmLh9Yv3lTmVtT,1
R_AHSz4uALoejwPEl,1
R_D5ZjDSfxYeyY3uN,1
R_AcB7VQ6gqNTBmHn,2
R_OeOmYEhSw8IKcx3,1
R_DohfC0GJoMp7aPD,1
R_A1LgAdjMmDhrauZ,1
R_PIEadO9HtdnQt0t,1
R_Or02ZLkl1gRZnRD,1
R_DfaH7AqyN4jJAyJ,1
R_Odoi9reffuqwYa5,1
R_PHTMwt3ak5o25nb,1
R_Os7Q4T9B7mK7wR3,1
R_OrHiKp8C3yMJvJ7,1
R_OqwQgqOI8hXbKDv,1
R_AhNFNspN5TsUObL,1
R_OKfGZ1RqkUHwXRf,1
R_PLIspNAJPW4y7C1,1
R_BJ2gDZaYWwTVAIx,1
R_Q3LcdNjaOFJA2ml,1
R_NVgBstNDgiuijHX,1
R_DM1ngeMoB2dFw1X,1
R_BtRthlf5KCwcQjT,1
R_PZFqB8BGn1Ts80N,1
R_DU0fl3oo0Wfie4N,1
R_OQghqKJGL1GgiyZ,1
R_Or1kJweYMfAV37H,1
R_BXnleF2TSok91Hr,1
R_BxeNJk5P3zdSf9n,1
R_BM8qNUODAIYbo77,1
R_Azn06duD3XLqJIB,1
R_PHcJ9H2mDAOVb33,1
R_QakdkmfXzzTaVnb,1
R_PZYCYngtxinq41j,1
R_Q6vYKQXrELg6qUp,1
R_DBRmTw44rSdI5wZ,1
R_ReQHlZgs9xWQKUp,1
R_Rxgd8GrbrseQOUF,1
R_PNG3Zyqq8tZwSuR,2
R_3m1qnzeyzklni8Y,1
R_ROxp9M3PowDnGvv,1
R_Q6awf6HCXU4WlRD,1
R_QnpVpBY4gLjGRQl,1
R_DnNCSjAroIUo2bf,1
R_Q9ta6LYrWep2ZfH,1
R_QnQcjYHHzdoGXMB,1
R_TvX0Nv7AMYnameB,1
R_DI5pA6siLLIqfa9,1
R_Q0SkXrL6TrbSDDj,1
R_R9M4VssOUEsXuBH,1
R_DoueITOlqT3oQcV,1
R_QowQtNTHOztI29X,1
R_RtBD5dYjjbPpzUt,1
R_QowJtTAa42YbE77,1
R_SUFXY4kP5RK1NnP,1
R_RUJy1yQRHHjmwYp,1
R_Qhus28vteV2rC37,1
R_UapRfSM9Qa8muB3,1
R_T0YYdrPkZefMjdv,1
R_Og9KpyJ7P4YImVX,1
R_URZ2Kcs4XcGstgJ,1
R_DuHodZNEcYVZBnP,1
R_O39Kekp0sJgAso1,1
R_OkvkSiwRCdqXUmB,1
R_RX2yJU2tyf8MdxL,1
R_OxuaLPZ5vJwzCCJ,1
R_PBTt8j0RIXrwNkl,1
R_SIxs9FyrtD92XKh,1
R_RaCy73KEJOqHfkB,1
R_SVoab58YuhhU5jz,1
R_UShIo6MV92ZkjXX,1
R_PIMTrXJgaddHbZT,1
R_UA4IDEGNtOILGBr,1
R_OrErSfizAY2hGtX,1
R_T7QxEa5RZm251ex,1
R_UXDIwNgeHyyvkiJ,1
R_VIOb9F5ACUKXhfj,1
R_Ui3UAmfhknGaQYV,1
R_SZxdK69L02Oc4il,1
R_SQdrxAYaM4XHXQB,1
R_RhwohAMqAwIvbPP,1
R_Ub9fdkqawnQ37l7,2
R_T5De7TdVmjUTIL7,1
R_TnqpTRyNuO0wAOl,1
R_TvCDgLQDxV4pdtL,1
R_UFvpu4jHMxMBL2h,1
R_UKI9x7s74Vm0bDz,1
R_RKyHGg2iCtZ8Bah,1
R_Qafh9rteochMtB7,1
R_PRlZPIzCfKuy9iN,1
R_RLas56sOQwaH5lf,1
R_RFaVhwad2ibNK7L,1
R_Tds1RSnIDAy3mAF,1
R_RVQb4i9gZDEKHyF,1
R_UQNgcqlAuHYnMYh,1
R_UrIWK2aP0sMFfmV,1
R_UxqU9HN3xSd1Alj,1
R_Urr8rMQP7QyCmmB,1
R_W6AdffQpjyzmIX7,1
R_WicOZ7VVvBSdN4J,1
R_W1fLQh1miPxYzjb,1
R_W86l69a3G5ZKXo5,1
R_RVRMaivIN41bmzT,1
R_UzJqHL10Y5Qb8tj,1
R_W9D7kIxyzV0RHMZ,1
R_XKUamsw5dCZZj9v,1
R_VKCLGjyO8vAhpKx,1
R_Uygp2h6tZA02mgp,1
R_XBVYQhila2Ijutr,1
R_Xzywdj2drRXjf6p,1
R_XKTYybAbnkjJTxv,2
R_V3kWdGPpka0mN4R,1
R_Y54p4zUf45POSd3,1
R_XUnzqms5VKsY5vb,1
R_Wj33XeeEBQmQjrH,1
R_WcHQXKWewJASq8V,1
R_WxtW4nuajgGYrPX,1
R_W3xn8aORMMMB9Jv,1
R_TvmSIizXefyyj4d,1
R_XvpSI6unTXDMpKF,1
R_XR2PYLjy4ZQx8UV,1
R_UPVz3MFYBm3aRlT,1
R_XU0OYqk4KuzbVgB,1
R_XFzut1dJSA41lip,1
R_UbHaQbFGHSHIWpX,1
R_UAsNV2JGTFsb2uJ,1
R_UgX9jsWRW0dcxY5,1
R_UKDdAyFJ5Z3VEqd,1
R_UsBi7ntNArVUqxH,1
R_Y67HGyp2wZM4JDr,1
R_XtfzIwPYHnK0INP,1
R_3r0tMkskUA5Tm1P,1
R_WcxeEg07TBYxvfb,1
R_UnhMyHpRwJPffjj,1
R_XhubiU8Omx7Hvr3,1
R_RIwT8rwlQpZIO7T,1
R_XiljZ9vXpogw7Qd,1
R_Wx69r0CHcVIFPod,1
R_VKVXvkFxuS0nVJL,1
R_Wd6bosE2Avonyxj,1
R_Y3vBvzFICTfz8Nb,1
R_XhAB1uXm8xHllWV,1
R_XUimyTdA2ehQjx7,1
R_W7OrhYHEl06AreN,1
R_XpQbFt0Kd5xTzwZ,1
R_WokLRfBZmpi9Cdb,1
R_W6QjtcXO3jIGJ45,1
R_WuF6LqX5W7pDvLH,1
R_XFnk3AOF5IvUdfX,1
R_VQEtzjWk85qR7Bn,1
R_XiFViRI6FXdlj8Z,1
R_XRQBRoeKecyOsiB,1
R_XFI5BzYOpvzzOOB,1
R_UzkxVzBWPQO7chb,1
R_Y5PtjCknN6LpAZ3,1
R_YQhVUeHfiLXiIiR,1
R_YQgd9Z6nPLDpEwp,2
R_YVv2ymsfakacpyx,1
R_VLmBOkrWbiMELHr,1
R_YY0rKOamOrTDCHD,1
R_YXmoPeqtV83RVXb,1
R_YbuqAUuMDgvKRyN,1
R_YXgZNRZ8q5m91iF,1
R_Yc86y3EzIIwoKHv,1
R_ZBRejnZujMNFLdn,1
R_Z9SVFOPuxOzjdzX,1
R_ZDKqFwIoIvhKLFn,1
R_Z3ujUJQIWZvKboB,1
R_ZIvFc5ouaC7diH7,1
R_ZJribx99Z9R8YN3,2
R_AMoR3s1e3XmK6l3,1
R_ZKWATpO7qiQg7g5,1
R_ZKlYexUzSaTgW7T,1
R_ZLgNEPsMW3FuBln,1
R_ZIUV3rZoUzJqPFD,1
R_ZL6P102x7OYbpvP,1
R_ZfqLV84tmWDEYrn,1
R_ZayTzw7kKx0YQBX,1
R_a03zmWf5mSNwiRj,1
R_a5UEHeO5X0heTEl,1
R_aUUtdss4wXTepTH,1
R_ZjXVLLR3FI7yreh,1
R_ZlObsXv7Yq0ZdJf,1
R_a3ltb9V8x7fCqFb,1
R_aWvV5C0HqlQLCA9,1
R_af8MaHjq4OHHFw5,2
R_aaY4mLidAihzXCF,1
R_acayCCsW20ciCxX,1
R_afSJyQ2Z0KOHzqx,1
R_b1lVQFmq1r54rct,1
R_b1Ve82KMaCyVg4N,1
R_b1atjNIslCnjNGV,1
R_b7NMCoTaoemBuPT,1
R_ahH8zgm15r4UDBf,1
R_b254zrI2q7FmxqN,1
R_bBI3q0V3ZxZft8B,1
R_b8Ik1Vu0jCzDTjj,1
R_b7brnAUn0vyEfEl,1
R_bHfOqmIQu7ldDGN,1
R_bsyyjfA0WhxJbSV,1
R_bIX93xpdLXodxx7,1
R_cAqVZqLllGv4E6t,1
R_bdWys0qvz0Xbffb,1
R_bOBC74A9B8RYAYV,1
R_cCN2oBB0JpuMLKx,1
R_cHKtVVJRpMfk5yx,1
R_cMxs45rMUuiWyTn,1
R_cTHwm0Cuo75mNJn,1
R_cAstYfQyyzsnIQh,1
R_cGSCyr6Z17AoI5X,1
R_cC10EsOokiPi50d,1
R_cURWtErnw7PPgJz,1
R_cu0vDaJBsCuPehz,1
R_cZwLEspjqq0hyA9,1
R_d1jZiLnsdFTHWmd,1
R_cYpZqdSWF0bBoOZ,1
R_cZ7CJJM4KSLv3Mt,1
R_daOb9eIC0IDRSXn,2
R_czRAKZd0pLbsEzT,1
R_daK8411InDZs7rb,1
R_dbB1fUuTc7E8pWN,1
R_dauVwPikACHWb97,1
R_dm1Yusk5LkaJnG1,1
R_donHJGf1RwDQ13P,1
R_dcKlf5sn3qdOvnP,1
R_djqfWtbKYJhdA3L,1
R_dmTSBMQ5Wmypj6F,1
R_e40fNf2VDRMxZ3X,1
R_eCGx8KGPFYVsSMp,1
R_eFFEDbBNvzPi08h,1
R_e5J54KYVTfKgTkd,1
R_e2nwz9AlDCVAsBH,1
R_eJahnrZPYGVrFVn,1
R_eJbhLlMEzJ7B7wZ,1
R_eWGeULi7SAWyUDv,1
R_eR5XX4LfxCnHuF3,1
R_eu2Fm655IMftjQl,1
R_ehQs329TAchjSKd,1
R_enWZb1FEHk74y9X,1
R_eRSiGfVfdHAr0Qx,1
R_eUQI3SwnD4KDrI5,1
R_exGjAVWuzoss5UZ,1
R_ePPKpMvtVOKaeSB,1
R_oZBZVQuCya72uml,1
R_p0mVKocrBw3Zd17,1
R_pEPFYN8sSUKlDd7,1
R_p5wixmvBsZciOvD,1
R_pDGKYeHQOrKQZBT,1
R_pFSpxqr7YxtZSP7,1
R_pA91SbHB6CFom4x,1
R_pFuUPgC0abTkk9j,1
R_p9Tx2NP6WDsyXhD,1
R_pfImdxoQBEb4GkN,1
R_po2dup36IasXnHj,1
R_pQVkwxHZc68raAV,1
R_pKjI3MKTSdwVn6p,1
R_pz8UcXuqtU2v9oB,1
R_qEMJi8WFquklQwp,1
R_qEp7a3r3rDzCPGF,1
R_pfUd6khPZEmLhYd,1
R_qPcdCtrfrTdkOOd,1
R_r6jfpzvbOal9B8R,1
R_paAMTJr8oQxfPvr,1
R_r1g8QVuyGUWslgd,1
R_qPgPGInzb99Tb1v,1
R_rd12qL6TlVn09SV,1
R_qV1LW3pUjcJR7B7,1
R_qxPuNLi6lFU6go1,1
R_rjXKYKXDSPMhqFj,1
R_reUGfFe9gP8JPep,1
R_r8BU1M02f0r480h,1
R_rjUzRkZoMG2k9Wh,1
R_rkX7ir1zqkcpbsl,1
R_s5OxmlnNcTCu8hP,1
R_rllEOiHQiBLxi1P,1
R_rr2BgUtwMMffjrP,1
R_sIgEXaiHYmfFJmh,1
R_sBTDMrKQ0HBz1rr,1
R_sEZiZKwG1pabqzT,1
R_sc0sYPmTt6EJlW9,1
R_sKYbyUo23qxQOjL,1
R_sMNUhzAaXmch01b,1
R_sMqdwqJPQ3uY8y5,1
R_sNiwTBrhN7lXZOp,1
R_soNO9WritrjaiTD,1
R_snfek5KaK5Kt32x,1
R_tE4u7JPWf52dvSp,1
R_se32CLYlZF9Z1WF,1
R_tS37MGgX83VVuBH,1
R_tJQRGfy8KN1GSLD,1
R_tWdyMgOtm9AUVy1,1
R_tR1lx2MC4cbse89,1
R_stgtow3ZLQp9LQB,1
R_u8F1jR72ntb4OJz,1
R_u33QjaXpLKiX6nf,1
R_ua0IQ4h5w7nglrj,1
R_u9wgdaMQrU51Qrv,1
R_u2qNVTt72uSyQcV,1
R_u8vgf7ByGQngt8J,1
R_udKcX6LxihS0B2N,1
R_d6BMVogVZqolYhr,1
R_ugl7SNEgIyYDeVP,1
R_ufcqgKkY6URpHjP,1
R_ukt0C1VvvwQ7LuV,1
R_uth30uU3AXYxz4B,1
R_ulaQ9YjqNHTIdXj,1
R_uk9ZB47WxActHpL,1
R_uxqESS7CVLdYjwB,1
R_uw7YsiBluXINcD7,1
R_uwVyljjL6QYRGy5,1
R_umIlG3psoTGFIdP,1
R_vH2wUsZEyftsJ0Z,1
R_sCnbbcgte0rVUvT,1
R_vHViGwdeBqWXOsF,1
R_vBH4K6ERVURHbeV,1
R_vIAjF5jkB8rOgbT,1
R_vCTQbVG6LOYfnP3,1
R_vMNDSBNhniN0ZLr,1
R_vJ14R2ETjfdOsuJ,1
R_vYMpwsGhpUYpb2x,1
R_vPG8z2YdU5cT7z3,1
R_vVaugWyofKpjwFr,1
R_vZ74jzGWwLYnZux,1
R_vJNA1SpKxOB6GUF,1
R_vctU53HLtAW0ndv,1
R_vkumyoK5lPHx5Xr,1
R_vicjzPDsLruxVTj,1
R_vraTwzd9oT2y2MF,1
R_vq3zaNJo3TN0d5D,1
R_w73mpaXjupAhta9,1
R_w62q1SVjUAcw3rH,1
R_w1YQhnc8m8e9a13,1
R_x60qZ3pq56cS6sh,1
R_w1wd20lQloFW6qt,2
R_x9MDrIc30k4q6B3,1
R_xEEP5QulA8ULpYd,1
R_xFKotYJoDS2eApP,1
R_xD7VrgYrOiEbYvD,1
R_wMefDUxvmy6aemB,1
R_x9spvQjtbRJaVep,1
R_xFP2SGMCTbtTprr,1
R_xcuXTyHwdr6W6sN,1
R_xFob7WZJfzDTBCx,1
R_xco5lgRtCpSS0gh,1
R_xnFDOQmR6ND8np7,1
R_xlq4iq8FFIZH7fb,1
R_xnOf75VhOqxhKDf,1
R_yClnJMY53rqh1ap,2
R_xnjm6sT2yELc7dL,1
R_yHJauXSL70UGPhD,1
R_yDfgcp6AjPqWRXP,1
R_xnr7XkO4eMt54pX,1
R_yEJpAKQ45IoJRwl,1
R_yITZgJGzJ1Iyb8l,1
R_yVKgRCHj1wC6Ioh,1
R_yQNBPQeUD275IBj,2
R_yPDO9EPQOAa2ZkB,1
R_yjXeh8KlHXNRpV7,1
R_yWsDpniULfsufYd,1
R_ykckbFsbSvAOH8l,1
R_yl5nd88qQgRbnSp,1
R_ylRHLwMf6qFNDO1,1
R_yVMh0osvOVx14TT,1
R_ymDNqoEch7dezdf,1
R_z24P2czLzo2ilGN,1
R_zcLE0EXc4paVWRb,1
R_ymh2nSxaF8ZYTuN,3
R_z7JPbmd2VWk8NA5,1
R_zdOymsU8tFVBZRL,1
R_yxBw5ZCc4KVgPXr,1
R_zdJPK7usgOwETFT,1
R_zeSn8frhR4Qpz0Z,1
R_zfo73MUYlEtf3bP,1
